Time,MAC_Utilisation_Any,MAC_Fully_Active,L0_RD,L0_WR,XMEM_RD, XMEM_WRAccumulationOFIFO_RD
   1,          x,          x, 0, 0, 0, 0, 0, 0
   2,          x,          x, 0, 0, 0, 0, 0, 0
   3,          x,          x, 0, 0, 0, 0, 0, 0
   4,          x,          x, 0, 0, 0, 0, 0, 0
   5,          x,          x, 0, 0, 0, 0, 0, 0
   6,          x,          x, 0, 0, 0, 0, 0, 0
   7,          x,          x, 0, 0, 0, 0, 0, 0
   8,          x,          x, 0, 0, 0, 0, 0, 0
   9,          0,          0, 0, 0, 0, 0, 0, 0
  10,          0,          0, 0, 0, 0, 2, 0, 0
  11,          0,          0, 0, 0, 0, 2, 0, 0
  12,          0,          0, 0, 0, 0, 2, 0, 0
  13,          0,          0, 0, 0, 0, 2, 0, 0
  14,          0,          0, 0, 0, 0, 2, 0, 0
  15,          0,          0, 0, 0, 0, 2, 0, 0
  16,          0,          0, 0, 0, 0, 2, 0, 0
  17,          0,          0, 0, 0, 0, 2, 0, 0
  18,          0,          0, 0, 0, 0, 2, 0, 0
  19,          0,          0, 0, 0, 0, 2, 0, 0
  20,          0,          0, 0, 0, 0, 2, 0, 0
  21,          0,          0, 0, 0, 0, 2, 0, 0
  22,          0,          0, 0, 0, 0, 2, 0, 0
  23,          0,          0, 0, 0, 0, 2, 0, 0
  24,          0,          0, 0, 0, 0, 2, 0, 0
  25,          0,          0, 0, 0, 0, 2, 0, 0
  26,          0,          0, 0, 0, 0, 2, 0, 0
  27,          0,          0, 0, 0, 0, 2, 0, 0
  28,          0,          0, 0, 0, 0, 2, 0, 0
  29,          0,          0, 0, 0, 0, 2, 0, 0
  30,          0,          0, 0, 0, 0, 2, 0, 0
  31,          0,          0, 0, 0, 0, 2, 0, 0
  32,          0,          0, 0, 0, 0, 2, 0, 0
  33,          0,          0, 0, 0, 0, 2, 0, 0
  34,          0,          0, 0, 0, 0, 2, 0, 0
  35,          0,          0, 0, 0, 0, 2, 0, 0
  36,          0,          0, 0, 0, 0, 2, 0, 0
  37,          0,          0, 0, 0, 0, 2, 0, 0
  38,          0,          0, 0, 0, 0, 2, 0, 0
  39,          0,          0, 0, 0, 0, 2, 0, 0
  40,          0,          0, 0, 0, 0, 2, 0, 0
  41,          0,          0, 0, 0, 0, 2, 0, 0
  42,          0,          0, 0, 0, 0, 2, 0, 0
  43,          0,          0, 0, 0, 0, 2, 0, 0
  44,          0,          0, 0, 0, 0, 2, 0, 0
  45,          0,          0, 0, 0, 0, 2, 0, 0
  46,          0,          0, 0, 0, 0, 0, 0, 0
  47,          0,          0, 0, 0, 0, 2, 0, 0
  48,          0,          0, 0, 0, 0, 2, 0, 0
  49,          0,          0, 0, 0, 0, 2, 0, 0
  50,          0,          0, 0, 0, 0, 2, 0, 0
  51,          0,          0, 0, 0, 0, 2, 0, 0
  52,          0,          0, 0, 0, 0, 2, 0, 0
  53,          0,          0, 0, 0, 0, 2, 0, 0
  54,          0,          0, 0, 0, 0, 2, 0, 0
  55,          0,          0, 0, 0, 0, 0, 0, 0
  56,          0,          0, 0, 0, 0, 0, 0, 0
  57,          0,          0, 0, 0, 0, 0, 0, 0
  58,          0,          0, 0, 0, 0, 0, 0, 0
  59,          0,          0, 0, 0, 0, 0, 0, 0
  60,          0,          0, 0, 0, 0, 0, 0, 0
  61,          0,          0, 0, 0, 0, 0, 0, 0
  62,          0,          0, 0, 0, 2, 0, 0, 0
  63,          0,          0, 0, 1, 2, 0, 0, 0
  64,          0,          0, 1, 1, 2, 0, 0, 0
  65,          0,          1, 1, 1, 2, 0, 0, 0
  66,          0,          2, 1, 1, 2, 0, 0, 0
  67,          0,          3, 1, 1, 2, 0, 0, 0
  68,          0,          4, 1, 1, 2, 0, 0, 0
  69,          0,          5, 1, 1, 2, 0, 0, 0
  70,          0,          6, 1, 1, 2, 0, 0, 0
  71,          0,          7, 1, 0, 0, 0, 0, 0
  72,          0,          8, 0, 0, 2, 0, 0, 0
  73,          0,          7, 0, 1, 2, 0, 0, 0
  74,          0,          6, 1, 1, 2, 0, 0, 0
  75,          1,          5, 1, 1, 2, 0, 0, 0
  76,          2,          4, 1, 1, 2, 0, 0, 0
  77,          3,          3, 1, 1, 2, 0, 0, 0
  78,          4,          2, 1, 1, 2, 0, 0, 0
  79,          5,          1, 1, 1, 2, 0, 0, 0
  80,          6,          0, 1, 1, 2, 0, 0, 0
  81,          7,          0, 1, 1, 2, 0, 0, 0
  82,          8,          0, 1, 1, 2, 0, 0, 0
  83,          8,          0, 1, 1, 2, 0, 0, 0
  84,          8,          0, 1, 1, 2, 0, 0, 0
  85,          8,          0, 1, 1, 2, 0, 0, 0
  86,          8,          0, 1, 1, 2, 0, 0, 0
  87,          8,          0, 1, 1, 2, 0, 0, 0
  88,          8,          0, 1, 1, 2, 0, 0, 0
  89,          8,          0, 1, 1, 2, 0, 0, 0
  90,          8,          0, 1, 1, 2, 0, 0, 0
  91,          8,          0, 1, 1, 2, 0, 0, 0
  92,          8,          0, 1, 1, 2, 0, 0, 4
  93,          8,          0, 1, 1, 2, 0, 0, 4
  94,          8,          0, 1, 1, 2, 0, 0, 4
  95,          8,          0, 1, 1, 2, 0, 0, 4
  96,          8,          0, 1, 1, 2, 0, 0, 4
  97,          8,          0, 1, 1, 2, 0, 0, 4
  98,          8,          0, 1, 1, 2, 0, 0, 4
  99,          8,          0, 1, 1, 2, 0, 0, 4
 100,          8,          0, 1, 1, 2, 0, 0, 4
 101,          8,          0, 1, 1, 2, 0, 0, 4
 102,          8,          0, 1, 1, 2, 0, 0, 4
 103,          8,          0, 1, 1, 2, 0, 0, 4
 104,          8,          0, 1, 1, 2, 0, 0, 4
 105,          8,          0, 1, 1, 2, 0, 0, 4
 106,          8,          0, 1, 1, 2, 0, 0, 4
 107,          8,          0, 1, 1, 2, 0, 0, 4
 108,          8,          0, 1, 1, 2, 0, 0, 4
 109,          8,          0, 1, 0, 0, 0, 0, 4
 110,          8,          0, 0, 0, 0, 0, 0, 4
 111,          7,          0, 0, 0, 0, 2, 0, 4
 112,          6,          0, 0, 0, 0, 2, 0, 4
 113,          5,          0, 0, 0, 0, 2, 0, 4
 114,          4,          0, 0, 0, 0, 2, 0, 4
 115,          3,          0, 0, 0, 0, 2, 0, 4
 116,          2,          0, 0, 0, 0, 2, 0, 4
 117,          1,          0, 0, 0, 0, 2, 0, 4
 118,          0,          0, 0, 0, 0, 2, 0, 4
 119,          0,          0, 0, 0, 0, 0, 0, 4
 120,          0,          0, 0, 0, 0, 0, 0, 4
 121,          0,          0, 0, 0, 0, 0, 0, 4
 122,          0,          0, 0, 0, 0, 0, 0, 4
 123,          0,          0, 0, 0, 0, 0, 0, 4
 124,          0,          0, 0, 0, 0, 0, 0, 4
 125,          0,          0, 0, 0, 0, 0, 0, 4
 126,          0,          0, 0, 0, 2, 0, 0, 4
 127,          0,          0, 0, 1, 2, 0, 0, 4
 128,          0,          0, 1, 1, 2, 0, 0, 4
 129,          0,          1, 1, 1, 2, 0, 0, 0
 130,          0,          2, 1, 1, 2, 0, 0, 0
 131,          0,          3, 1, 1, 2, 0, 0, 0
 132,          0,          4, 1, 1, 2, 0, 0, 0
 133,          0,          5, 1, 1, 2, 0, 0, 0
 134,          0,          6, 1, 1, 2, 0, 0, 0
 135,          0,          7, 1, 0, 0, 0, 0, 0
 136,          0,          8, 0, 0, 2, 0, 0, 0
 137,          0,          7, 0, 1, 2, 0, 0, 0
 138,          0,          6, 1, 1, 2, 0, 0, 0
 139,          1,          5, 1, 1, 2, 0, 0, 0
 140,          2,          4, 1, 1, 2, 0, 0, 0
 141,          3,          3, 1, 1, 2, 0, 0, 0
 142,          4,          2, 1, 1, 2, 0, 0, 0
 143,          5,          1, 1, 1, 2, 0, 0, 0
 144,          6,          0, 1, 1, 2, 0, 0, 0
 145,          7,          0, 1, 1, 2, 0, 0, 0
 146,          8,          0, 1, 1, 2, 0, 0, 0
 147,          8,          0, 1, 1, 2, 0, 0, 0
 148,          8,          0, 1, 1, 2, 0, 0, 0
 149,          8,          0, 1, 1, 2, 0, 0, 0
 150,          8,          0, 1, 1, 2, 0, 0, 0
 151,          8,          0, 1, 1, 2, 0, 0, 0
 152,          8,          0, 1, 1, 2, 0, 0, 0
 153,          8,          0, 1, 1, 2, 0, 0, 0
 154,          8,          0, 1, 1, 2, 0, 0, 0
 155,          8,          0, 1, 1, 2, 0, 0, 0
 156,          8,          0, 1, 1, 2, 0, 0, 4
 157,          8,          0, 1, 1, 2, 0, 0, 4
 158,          8,          0, 1, 1, 2, 0, 0, 4
 159,          8,          0, 1, 1, 2, 0, 0, 4
 160,          8,          0, 1, 1, 2, 0, 0, 4
 161,          8,          0, 1, 1, 2, 0, 0, 4
 162,          8,          0, 1, 1, 2, 0, 0, 4
 163,          8,          0, 1, 1, 2, 0, 0, 4
 164,          8,          0, 1, 1, 2, 0, 0, 4
 165,          8,          0, 1, 1, 2, 0, 0, 4
 166,          8,          0, 1, 1, 2, 0, 0, 4
 167,          8,          0, 1, 1, 2, 0, 0, 4
 168,          8,          0, 1, 1, 2, 0, 0, 4
 169,          8,          0, 1, 1, 2, 0, 0, 4
 170,          8,          0, 1, 1, 2, 0, 0, 4
 171,          8,          0, 1, 1, 2, 0, 0, 4
 172,          8,          0, 1, 1, 2, 0, 0, 4
 173,          8,          0, 1, 0, 0, 0, 0, 4
 174,          8,          0, 0, 0, 0, 0, 0, 4
 175,          7,          0, 0, 0, 0, 2, 0, 4
 176,          6,          0, 0, 0, 0, 2, 0, 4
 177,          5,          0, 0, 0, 0, 2, 0, 4
 178,          4,          0, 0, 0, 0, 2, 0, 4
 179,          3,          0, 0, 0, 0, 2, 0, 4
 180,          2,          0, 0, 0, 0, 2, 0, 4
 181,          1,          0, 0, 0, 0, 2, 0, 4
 182,          0,          0, 0, 0, 0, 2, 0, 4
 183,          0,          0, 0, 0, 0, 0, 0, 4
 184,          0,          0, 0, 0, 0, 0, 0, 4
 185,          0,          0, 0, 0, 0, 0, 0, 4
 186,          0,          0, 0, 0, 0, 0, 0, 4
 187,          0,          0, 0, 0, 0, 0, 0, 4
 188,          0,          0, 0, 0, 0, 0, 0, 4
 189,          0,          0, 0, 0, 0, 0, 0, 4
 190,          0,          0, 0, 0, 2, 0, 0, 4
 191,          0,          0, 0, 1, 2, 0, 0, 4
 192,          0,          0, 1, 1, 2, 0, 0, 4
 193,          0,          1, 1, 1, 2, 0, 0, 0
 194,          0,          2, 1, 1, 2, 0, 0, 0
 195,          0,          3, 1, 1, 2, 0, 0, 0
 196,          0,          4, 1, 1, 2, 0, 0, 0
 197,          0,          5, 1, 1, 2, 0, 0, 0
 198,          0,          6, 1, 1, 2, 0, 0, 0
 199,          0,          7, 1, 0, 0, 0, 0, 0
 200,          0,          8, 0, 0, 2, 0, 0, 0
 201,          0,          7, 0, 1, 2, 0, 0, 0
 202,          0,          6, 1, 1, 2, 0, 0, 0
 203,          1,          5, 1, 1, 2, 0, 0, 0
 204,          2,          4, 1, 1, 2, 0, 0, 0
 205,          3,          3, 1, 1, 2, 0, 0, 0
 206,          4,          2, 1, 1, 2, 0, 0, 0
 207,          5,          1, 1, 1, 2, 0, 0, 0
 208,          6,          0, 1, 1, 2, 0, 0, 0
 209,          7,          0, 1, 1, 2, 0, 0, 0
 210,          8,          0, 1, 1, 2, 0, 0, 0
 211,          8,          0, 1, 1, 2, 0, 0, 0
 212,          8,          0, 1, 1, 2, 0, 0, 0
 213,          8,          0, 1, 1, 2, 0, 0, 0
 214,          8,          0, 1, 1, 2, 0, 0, 0
 215,          8,          0, 1, 1, 2, 0, 0, 0
 216,          8,          0, 1, 1, 2, 0, 0, 0
 217,          8,          0, 1, 1, 2, 0, 0, 0
 218,          8,          0, 1, 1, 2, 0, 0, 0
 219,          8,          0, 1, 1, 2, 0, 0, 0
 220,          8,          0, 1, 1, 2, 0, 0, 4
 221,          8,          0, 1, 1, 2, 0, 0, 4
 222,          8,          0, 1, 1, 2, 0, 0, 4
 223,          8,          0, 1, 1, 2, 0, 0, 4
 224,          8,          0, 1, 1, 2, 0, 0, 4
 225,          8,          0, 1, 1, 2, 0, 0, 4
 226,          8,          0, 1, 1, 2, 0, 0, 4
 227,          8,          0, 1, 1, 2, 0, 0, 4
 228,          8,          0, 1, 1, 2, 0, 0, 4
 229,          8,          0, 1, 1, 2, 0, 0, 4
 230,          8,          0, 1, 1, 2, 0, 0, 4
 231,          8,          0, 1, 1, 2, 0, 0, 4
 232,          8,          0, 1, 1, 2, 0, 0, 4
 233,          8,          0, 1, 1, 2, 0, 0, 4
 234,          8,          0, 1, 1, 2, 0, 0, 4
 235,          8,          0, 1, 1, 2, 0, 0, 4
 236,          8,          0, 1, 1, 2, 0, 0, 4
 237,          8,          0, 1, 0, 0, 0, 0, 4
 238,          8,          0, 0, 0, 0, 0, 0, 4
 239,          7,          0, 0, 0, 0, 2, 0, 4
 240,          6,          0, 0, 0, 0, 2, 0, 4
 241,          5,          0, 0, 0, 0, 2, 0, 4
 242,          4,          0, 0, 0, 0, 2, 0, 4
 243,          3,          0, 0, 0, 0, 2, 0, 4
 244,          2,          0, 0, 0, 0, 2, 0, 4
 245,          1,          0, 0, 0, 0, 2, 0, 4
 246,          0,          0, 0, 0, 0, 2, 0, 4
 247,          0,          0, 0, 0, 0, 0, 0, 4
 248,          0,          0, 0, 0, 0, 0, 0, 4
 249,          0,          0, 0, 0, 0, 0, 0, 4
 250,          0,          0, 0, 0, 0, 0, 0, 4
 251,          0,          0, 0, 0, 0, 0, 0, 4
 252,          0,          0, 0, 0, 0, 0, 0, 4
 253,          0,          0, 0, 0, 0, 0, 0, 4
 254,          0,          0, 0, 0, 2, 0, 0, 4
 255,          0,          0, 0, 1, 2, 0, 0, 4
 256,          0,          0, 1, 1, 2, 0, 0, 4
 257,          0,          1, 1, 1, 2, 0, 0, 0
 258,          0,          2, 1, 1, 2, 0, 0, 0
 259,          0,          3, 1, 1, 2, 0, 0, 0
 260,          0,          4, 1, 1, 2, 0, 0, 0
 261,          0,          5, 1, 1, 2, 0, 0, 0
 262,          0,          6, 1, 1, 2, 0, 0, 0
 263,          0,          7, 1, 0, 0, 0, 0, 0
 264,          0,          8, 0, 0, 2, 0, 0, 0
 265,          0,          7, 0, 1, 2, 0, 0, 0
 266,          0,          6, 1, 1, 2, 0, 0, 0
 267,          1,          5, 1, 1, 2, 0, 0, 0
 268,          2,          4, 1, 1, 2, 0, 0, 0
 269,          3,          3, 1, 1, 2, 0, 0, 0
 270,          4,          2, 1, 1, 2, 0, 0, 0
 271,          5,          1, 1, 1, 2, 0, 0, 0
 272,          6,          0, 1, 1, 2, 0, 0, 0
 273,          7,          0, 1, 1, 2, 0, 0, 0
 274,          8,          0, 1, 1, 2, 0, 0, 0
 275,          8,          0, 1, 1, 2, 0, 0, 0
 276,          8,          0, 1, 1, 2, 0, 0, 0
 277,          8,          0, 1, 1, 2, 0, 0, 0
 278,          8,          0, 1, 1, 2, 0, 0, 0
 279,          8,          0, 1, 1, 2, 0, 0, 0
 280,          8,          0, 1, 1, 2, 0, 0, 0
 281,          8,          0, 1, 1, 2, 0, 0, 0
 282,          8,          0, 1, 1, 2, 0, 0, 0
 283,          8,          0, 1, 1, 2, 0, 0, 0
 284,          8,          0, 1, 1, 2, 0, 0, 4
 285,          8,          0, 1, 1, 2, 0, 0, 4
 286,          8,          0, 1, 1, 2, 0, 0, 4
 287,          8,          0, 1, 1, 2, 0, 0, 4
 288,          8,          0, 1, 1, 2, 0, 0, 4
 289,          8,          0, 1, 1, 2, 0, 0, 4
 290,          8,          0, 1, 1, 2, 0, 0, 4
 291,          8,          0, 1, 1, 2, 0, 0, 4
 292,          8,          0, 1, 1, 2, 0, 0, 4
 293,          8,          0, 1, 1, 2, 0, 0, 4
 294,          8,          0, 1, 1, 2, 0, 0, 4
 295,          8,          0, 1, 1, 2, 0, 0, 4
 296,          8,          0, 1, 1, 2, 0, 0, 4
 297,          8,          0, 1, 1, 2, 0, 0, 4
 298,          8,          0, 1, 1, 2, 0, 0, 4
 299,          8,          0, 1, 1, 2, 0, 0, 4
 300,          8,          0, 1, 1, 2, 0, 0, 4
 301,          8,          0, 1, 0, 0, 0, 0, 4
 302,          8,          0, 0, 0, 0, 0, 0, 4
 303,          7,          0, 0, 0, 0, 2, 0, 4
 304,          6,          0, 0, 0, 0, 2, 0, 4
 305,          5,          0, 0, 0, 0, 2, 0, 4
 306,          4,          0, 0, 0, 0, 2, 0, 4
 307,          3,          0, 0, 0, 0, 2, 0, 4
 308,          2,          0, 0, 0, 0, 2, 0, 4
 309,          1,          0, 0, 0, 0, 2, 0, 4
 310,          0,          0, 0, 0, 0, 2, 0, 4
 311,          0,          0, 0, 0, 0, 0, 0, 4
 312,          0,          0, 0, 0, 0, 0, 0, 4
 313,          0,          0, 0, 0, 0, 0, 0, 4
 314,          0,          0, 0, 0, 0, 0, 0, 4
 315,          0,          0, 0, 0, 0, 0, 0, 4
 316,          0,          0, 0, 0, 0, 0, 0, 4
 317,          0,          0, 0, 0, 0, 0, 0, 4
 318,          0,          0, 0, 0, 2, 0, 0, 4
 319,          0,          0, 0, 1, 2, 0, 0, 4
 320,          0,          0, 1, 1, 2, 0, 0, 4
 321,          0,          1, 1, 1, 2, 0, 0, 0
 322,          0,          2, 1, 1, 2, 0, 0, 0
 323,          0,          3, 1, 1, 2, 0, 0, 0
 324,          0,          4, 1, 1, 2, 0, 0, 0
 325,          0,          5, 1, 1, 2, 0, 0, 0
 326,          0,          6, 1, 1, 2, 0, 0, 0
 327,          0,          7, 1, 0, 0, 0, 0, 0
 328,          0,          8, 0, 0, 2, 0, 0, 0
 329,          0,          7, 0, 1, 2, 0, 0, 0
 330,          0,          6, 1, 1, 2, 0, 0, 0
 331,          1,          5, 1, 1, 2, 0, 0, 0
 332,          2,          4, 1, 1, 2, 0, 0, 0
 333,          3,          3, 1, 1, 2, 0, 0, 0
 334,          4,          2, 1, 1, 2, 0, 0, 0
 335,          5,          1, 1, 1, 2, 0, 0, 0
 336,          6,          0, 1, 1, 2, 0, 0, 0
 337,          7,          0, 1, 1, 2, 0, 0, 0
 338,          8,          0, 1, 1, 2, 0, 0, 0
 339,          8,          0, 1, 1, 2, 0, 0, 0
 340,          8,          0, 1, 1, 2, 0, 0, 0
 341,          8,          0, 1, 1, 2, 0, 0, 0
 342,          8,          0, 1, 1, 2, 0, 0, 0
 343,          8,          0, 1, 1, 2, 0, 0, 0
 344,          8,          0, 1, 1, 2, 0, 0, 0
 345,          8,          0, 1, 1, 2, 0, 0, 0
 346,          8,          0, 1, 1, 2, 0, 0, 0
 347,          8,          0, 1, 1, 2, 0, 0, 0
 348,          8,          0, 1, 1, 2, 0, 0, 4
 349,          8,          0, 1, 1, 2, 0, 0, 4
 350,          8,          0, 1, 1, 2, 0, 0, 4
 351,          8,          0, 1, 1, 2, 0, 0, 4
 352,          8,          0, 1, 1, 2, 0, 0, 4
 353,          8,          0, 1, 1, 2, 0, 0, 4
 354,          8,          0, 1, 1, 2, 0, 0, 4
 355,          8,          0, 1, 1, 2, 0, 0, 4
 356,          8,          0, 1, 1, 2, 0, 0, 4
 357,          8,          0, 1, 1, 2, 0, 0, 4
 358,          8,          0, 1, 1, 2, 0, 0, 4
 359,          8,          0, 1, 1, 2, 0, 0, 4
 360,          8,          0, 1, 1, 2, 0, 0, 4
 361,          8,          0, 1, 1, 2, 0, 0, 4
 362,          8,          0, 1, 1, 2, 0, 0, 4
 363,          8,          0, 1, 1, 2, 0, 0, 4
 364,          8,          0, 1, 1, 2, 0, 0, 4
 365,          8,          0, 1, 0, 0, 0, 0, 4
 366,          8,          0, 0, 0, 0, 0, 0, 4
 367,          7,          0, 0, 0, 0, 2, 0, 4
 368,          6,          0, 0, 0, 0, 2, 0, 4
 369,          5,          0, 0, 0, 0, 2, 0, 4
 370,          4,          0, 0, 0, 0, 2, 0, 4
 371,          3,          0, 0, 0, 0, 2, 0, 4
 372,          2,          0, 0, 0, 0, 2, 0, 4
 373,          1,          0, 0, 0, 0, 2, 0, 4
 374,          0,          0, 0, 0, 0, 2, 0, 4
 375,          0,          0, 0, 0, 0, 0, 0, 4
 376,          0,          0, 0, 0, 0, 0, 0, 4
 377,          0,          0, 0, 0, 0, 0, 0, 4
 378,          0,          0, 0, 0, 0, 0, 0, 4
 379,          0,          0, 0, 0, 0, 0, 0, 4
 380,          0,          0, 0, 0, 0, 0, 0, 4
 381,          0,          0, 0, 0, 0, 0, 0, 4
 382,          0,          0, 0, 0, 2, 0, 0, 4
 383,          0,          0, 0, 1, 2, 0, 0, 4
 384,          0,          0, 1, 1, 2, 0, 0, 4
 385,          0,          1, 1, 1, 2, 0, 0, 0
 386,          0,          2, 1, 1, 2, 0, 0, 0
 387,          0,          3, 1, 1, 2, 0, 0, 0
 388,          0,          4, 1, 1, 2, 0, 0, 0
 389,          0,          5, 1, 1, 2, 0, 0, 0
 390,          0,          6, 1, 1, 2, 0, 0, 0
 391,          0,          7, 1, 0, 0, 0, 0, 0
 392,          0,          8, 0, 0, 2, 0, 0, 0
 393,          0,          7, 0, 1, 2, 0, 0, 0
 394,          0,          6, 1, 1, 2, 0, 0, 0
 395,          1,          5, 1, 1, 2, 0, 0, 0
 396,          2,          4, 1, 1, 2, 0, 0, 0
 397,          3,          3, 1, 1, 2, 0, 0, 0
 398,          4,          2, 1, 1, 2, 0, 0, 0
 399,          5,          1, 1, 1, 2, 0, 0, 0
 400,          6,          0, 1, 1, 2, 0, 0, 0
 401,          7,          0, 1, 1, 2, 0, 0, 0
 402,          8,          0, 1, 1, 2, 0, 0, 0
 403,          8,          0, 1, 1, 2, 0, 0, 0
 404,          8,          0, 1, 1, 2, 0, 0, 0
 405,          8,          0, 1, 1, 2, 0, 0, 0
 406,          8,          0, 1, 1, 2, 0, 0, 0
 407,          8,          0, 1, 1, 2, 0, 0, 0
 408,          8,          0, 1, 1, 2, 0, 0, 0
 409,          8,          0, 1, 1, 2, 0, 0, 0
 410,          8,          0, 1, 1, 2, 0, 0, 0
 411,          8,          0, 1, 1, 2, 0, 0, 0
 412,          8,          0, 1, 1, 2, 0, 0, 4
 413,          8,          0, 1, 1, 2, 0, 0, 4
 414,          8,          0, 1, 1, 2, 0, 0, 4
 415,          8,          0, 1, 1, 2, 0, 0, 4
 416,          8,          0, 1, 1, 2, 0, 0, 4
 417,          8,          0, 1, 1, 2, 0, 0, 4
 418,          8,          0, 1, 1, 2, 0, 0, 4
 419,          8,          0, 1, 1, 2, 0, 0, 4
 420,          8,          0, 1, 1, 2, 0, 0, 4
 421,          8,          0, 1, 1, 2, 0, 0, 4
 422,          8,          0, 1, 1, 2, 0, 0, 4
 423,          8,          0, 1, 1, 2, 0, 0, 4
 424,          8,          0, 1, 1, 2, 0, 0, 4
 425,          8,          0, 1, 1, 2, 0, 0, 4
 426,          8,          0, 1, 1, 2, 0, 0, 4
 427,          8,          0, 1, 1, 2, 0, 0, 4
 428,          8,          0, 1, 1, 2, 0, 0, 4
 429,          8,          0, 1, 0, 0, 0, 0, 4
 430,          8,          0, 0, 0, 0, 0, 0, 4
 431,          7,          0, 0, 0, 0, 2, 0, 4
 432,          6,          0, 0, 0, 0, 2, 0, 4
 433,          5,          0, 0, 0, 0, 2, 0, 4
 434,          4,          0, 0, 0, 0, 2, 0, 4
 435,          3,          0, 0, 0, 0, 2, 0, 4
 436,          2,          0, 0, 0, 0, 2, 0, 4
 437,          1,          0, 0, 0, 0, 2, 0, 4
 438,          0,          0, 0, 0, 0, 2, 0, 4
 439,          0,          0, 0, 0, 0, 0, 0, 4
 440,          0,          0, 0, 0, 0, 0, 0, 4
 441,          0,          0, 0, 0, 0, 0, 0, 4
 442,          0,          0, 0, 0, 0, 0, 0, 4
 443,          0,          0, 0, 0, 0, 0, 0, 4
 444,          0,          0, 0, 0, 0, 0, 0, 4
 445,          0,          0, 0, 0, 0, 0, 0, 4
 446,          0,          0, 0, 0, 2, 0, 0, 4
 447,          0,          0, 0, 1, 2, 0, 0, 4
 448,          0,          0, 1, 1, 2, 0, 0, 4
 449,          0,          1, 1, 1, 2, 0, 0, 0
 450,          0,          2, 1, 1, 2, 0, 0, 0
 451,          0,          3, 1, 1, 2, 0, 0, 0
 452,          0,          4, 1, 1, 2, 0, 0, 0
 453,          0,          5, 1, 1, 2, 0, 0, 0
 454,          0,          6, 1, 1, 2, 0, 0, 0
 455,          0,          7, 1, 0, 0, 0, 0, 0
 456,          0,          8, 0, 0, 2, 0, 0, 0
 457,          0,          7, 0, 1, 2, 0, 0, 0
 458,          0,          6, 1, 1, 2, 0, 0, 0
 459,          1,          5, 1, 1, 2, 0, 0, 0
 460,          2,          4, 1, 1, 2, 0, 0, 0
 461,          3,          3, 1, 1, 2, 0, 0, 0
 462,          4,          2, 1, 1, 2, 0, 0, 0
 463,          5,          1, 1, 1, 2, 0, 0, 0
 464,          6,          0, 1, 1, 2, 0, 0, 0
 465,          7,          0, 1, 1, 2, 0, 0, 0
 466,          8,          0, 1, 1, 2, 0, 0, 0
 467,          8,          0, 1, 1, 2, 0, 0, 0
 468,          8,          0, 1, 1, 2, 0, 0, 0
 469,          8,          0, 1, 1, 2, 0, 0, 0
 470,          8,          0, 1, 1, 2, 0, 0, 0
 471,          8,          0, 1, 1, 2, 0, 0, 0
 472,          8,          0, 1, 1, 2, 0, 0, 0
 473,          8,          0, 1, 1, 2, 0, 0, 0
 474,          8,          0, 1, 1, 2, 0, 0, 0
 475,          8,          0, 1, 1, 2, 0, 0, 0
 476,          8,          0, 1, 1, 2, 0, 0, 4
 477,          8,          0, 1, 1, 2, 0, 0, 4
 478,          8,          0, 1, 1, 2, 0, 0, 4
 479,          8,          0, 1, 1, 2, 0, 0, 4
 480,          8,          0, 1, 1, 2, 0, 0, 4
 481,          8,          0, 1, 1, 2, 0, 0, 4
 482,          8,          0, 1, 1, 2, 0, 0, 4
 483,          8,          0, 1, 1, 2, 0, 0, 4
 484,          8,          0, 1, 1, 2, 0, 0, 4
 485,          8,          0, 1, 1, 2, 0, 0, 4
 486,          8,          0, 1, 1, 2, 0, 0, 4
 487,          8,          0, 1, 1, 2, 0, 0, 4
 488,          8,          0, 1, 1, 2, 0, 0, 4
 489,          8,          0, 1, 1, 2, 0, 0, 4
 490,          8,          0, 1, 1, 2, 0, 0, 4
 491,          8,          0, 1, 1, 2, 0, 0, 4
 492,          8,          0, 1, 1, 2, 0, 0, 4
 493,          8,          0, 1, 0, 0, 0, 0, 4
 494,          8,          0, 0, 0, 0, 0, 0, 4
 495,          7,          0, 0, 0, 0, 2, 0, 4
 496,          6,          0, 0, 0, 0, 2, 0, 4
 497,          5,          0, 0, 0, 0, 2, 0, 4
 498,          4,          0, 0, 0, 0, 2, 0, 4
 499,          3,          0, 0, 0, 0, 2, 0, 4
 500,          2,          0, 0, 0, 0, 2, 0, 4
 501,          1,          0, 0, 0, 0, 2, 0, 4
 502,          0,          0, 0, 0, 0, 2, 0, 4
 503,          0,          0, 0, 0, 0, 0, 0, 4
 504,          0,          0, 0, 0, 0, 0, 0, 4
 505,          0,          0, 0, 0, 0, 0, 0, 4
 506,          0,          0, 0, 0, 0, 0, 0, 4
 507,          0,          0, 0, 0, 0, 0, 0, 4
 508,          0,          0, 0, 0, 0, 0, 0, 4
 509,          0,          0, 0, 0, 0, 0, 0, 4
 510,          0,          0, 0, 0, 2, 0, 0, 4
 511,          0,          0, 0, 1, 2, 0, 0, 4
 512,          0,          0, 1, 1, 2, 0, 0, 4
 513,          0,          1, 1, 1, 2, 0, 0, 0
 514,          0,          2, 1, 1, 2, 0, 0, 0
 515,          0,          3, 1, 1, 2, 0, 0, 0
 516,          0,          4, 1, 1, 2, 0, 0, 0
 517,          0,          5, 1, 1, 2, 0, 0, 0
 518,          0,          6, 1, 1, 2, 0, 0, 0
 519,          0,          7, 1, 0, 0, 0, 0, 0
 520,          0,          8, 0, 0, 2, 0, 0, 0
 521,          0,          7, 0, 1, 2, 0, 0, 0
 522,          0,          6, 1, 1, 2, 0, 0, 0
 523,          1,          5, 1, 1, 2, 0, 0, 0
 524,          2,          4, 1, 1, 2, 0, 0, 0
 525,          3,          3, 1, 1, 2, 0, 0, 0
 526,          4,          2, 1, 1, 2, 0, 0, 0
 527,          5,          1, 1, 1, 2, 0, 0, 0
 528,          6,          0, 1, 1, 2, 0, 0, 0
 529,          7,          0, 1, 1, 2, 0, 0, 0
 530,          8,          0, 1, 1, 2, 0, 0, 0
 531,          8,          0, 1, 1, 2, 0, 0, 0
 532,          8,          0, 1, 1, 2, 0, 0, 0
 533,          8,          0, 1, 1, 2, 0, 0, 0
 534,          8,          0, 1, 1, 2, 0, 0, 0
 535,          8,          0, 1, 1, 2, 0, 0, 0
 536,          8,          0, 1, 1, 2, 0, 0, 0
 537,          8,          0, 1, 1, 2, 0, 0, 0
 538,          8,          0, 1, 1, 2, 0, 0, 0
 539,          8,          0, 1, 1, 2, 0, 0, 0
 540,          8,          0, 1, 1, 2, 0, 0, 4
 541,          8,          0, 1, 1, 2, 0, 0, 4
 542,          8,          0, 1, 1, 2, 0, 0, 4
 543,          8,          0, 1, 1, 2, 0, 0, 4
 544,          8,          0, 1, 1, 2, 0, 0, 4
 545,          8,          0, 1, 1, 2, 0, 0, 4
 546,          8,          0, 1, 1, 2, 0, 0, 4
 547,          8,          0, 1, 1, 2, 0, 0, 4
 548,          8,          0, 1, 1, 2, 0, 0, 4
 549,          8,          0, 1, 1, 2, 0, 0, 4
 550,          8,          0, 1, 1, 2, 0, 0, 4
 551,          8,          0, 1, 1, 2, 0, 0, 4
 552,          8,          0, 1, 1, 2, 0, 0, 4
 553,          8,          0, 1, 1, 2, 0, 0, 4
 554,          8,          0, 1, 1, 2, 0, 0, 4
 555,          8,          0, 1, 1, 2, 0, 0, 4
 556,          8,          0, 1, 1, 2, 0, 0, 4
 557,          8,          0, 1, 0, 0, 0, 0, 4
 558,          8,          0, 0, 0, 0, 0, 0, 4
 559,          7,          0, 0, 0, 0, 2, 0, 4
 560,          6,          0, 0, 0, 0, 2, 0, 4
 561,          5,          0, 0, 0, 0, 2, 0, 4
 562,          4,          0, 0, 0, 0, 2, 0, 4
 563,          3,          0, 0, 0, 0, 2, 0, 4
 564,          2,          0, 0, 0, 0, 2, 0, 4
 565,          1,          0, 0, 0, 0, 2, 0, 4
 566,          0,          0, 0, 0, 0, 2, 0, 4
 567,          0,          0, 0, 0, 0, 0, 0, 4
 568,          0,          0, 0, 0, 0, 0, 0, 4
 569,          0,          0, 0, 0, 0, 0, 0, 4
 570,          0,          0, 0, 0, 0, 0, 0, 4
 571,          0,          0, 0, 0, 0, 0, 0, 4
 572,          0,          0, 0, 0, 0, 0, 0, 4
 573,          0,          0, 0, 0, 0, 0, 0, 4
 574,          0,          0, 0, 0, 2, 0, 0, 4
 575,          0,          0, 0, 1, 2, 0, 0, 4
 576,          0,          0, 1, 1, 2, 0, 0, 4
 577,          0,          1, 1, 1, 2, 0, 0, 0
 578,          0,          2, 1, 1, 2, 0, 0, 0
 579,          0,          3, 1, 1, 2, 0, 0, 0
 580,          0,          4, 1, 1, 2, 0, 0, 0
 581,          0,          5, 1, 1, 2, 0, 0, 0
 582,          0,          6, 1, 1, 2, 0, 0, 0
 583,          0,          7, 1, 0, 0, 0, 0, 0
 584,          0,          8, 0, 0, 2, 0, 0, 0
 585,          0,          7, 0, 1, 2, 0, 0, 0
 586,          0,          6, 1, 1, 2, 0, 0, 0
 587,          1,          5, 1, 1, 2, 0, 0, 0
 588,          2,          4, 1, 1, 2, 0, 0, 0
 589,          3,          3, 1, 1, 2, 0, 0, 0
 590,          4,          2, 1, 1, 2, 0, 0, 0
 591,          5,          1, 1, 1, 2, 0, 0, 0
 592,          6,          0, 1, 1, 2, 0, 0, 0
 593,          7,          0, 1, 1, 2, 0, 0, 0
 594,          8,          0, 1, 1, 2, 0, 0, 0
 595,          8,          0, 1, 1, 2, 0, 0, 0
 596,          8,          0, 1, 1, 2, 0, 0, 0
 597,          8,          0, 1, 1, 2, 0, 0, 0
 598,          8,          0, 1, 1, 2, 0, 0, 0
 599,          8,          0, 1, 1, 2, 0, 0, 0
 600,          8,          0, 1, 1, 2, 0, 0, 0
 601,          8,          0, 1, 1, 2, 0, 0, 0
 602,          8,          0, 1, 1, 2, 0, 0, 0
 603,          8,          0, 1, 1, 2, 0, 0, 0
 604,          8,          0, 1, 1, 2, 0, 0, 4
 605,          8,          0, 1, 1, 2, 0, 0, 4
 606,          8,          0, 1, 1, 2, 0, 0, 4
 607,          8,          0, 1, 1, 2, 0, 0, 4
 608,          8,          0, 1, 1, 2, 0, 0, 4
 609,          8,          0, 1, 1, 2, 0, 0, 4
 610,          8,          0, 1, 1, 2, 0, 0, 4
 611,          8,          0, 1, 1, 2, 0, 0, 4
 612,          8,          0, 1, 1, 2, 0, 0, 4
 613,          8,          0, 1, 1, 2, 0, 0, 4
 614,          8,          0, 1, 1, 2, 0, 0, 4
 615,          8,          0, 1, 1, 2, 0, 0, 4
 616,          8,          0, 1, 1, 2, 0, 0, 4
 617,          8,          0, 1, 1, 2, 0, 0, 4
 618,          8,          0, 1, 1, 2, 0, 0, 4
 619,          8,          0, 1, 1, 2, 0, 0, 4
 620,          8,          0, 1, 1, 2, 0, 0, 4
 621,          8,          0, 1, 0, 0, 0, 0, 4
 622,          8,          0, 0, 0, 0, 0, 0, 4
 623,          7,          0, 0, 0, 0, 0, 0, 4
 624,          6,          0, 0, 0, 0, 0, 0, 4
 625,          5,          0, 0, 0, 0, 0, 0, 4
 626,          4,          0, 0, 0, 0, 0, 0, 4
 627,          3,          0, 0, 0, 0, 0, 0, 4
 628,          2,          0, 0, 0, 0, 0, 0, 4
 629,          1,          0, 0, 0, 0, 0, 0, 4
 630,          0,          0, 0, 0, 0, 0, 0, 4
 631,          0,          0, 0, 0, 0, 0, 0, 4
 632,          0,          0, 0, 0, 0, 0, 0, 4
 633,          0,          0, 0, 0, 0, 0, 0, 4
 634,          0,          0, 0, 0, 0, 0, 0, 4
 635,          0,          0, 0, 0, 0, 0, 0, 4
 636,          0,          0, 0, 0, 0, 0, 0, 4
 637,          0,          0, 0, 0, 0, 0, 0, 4
 638,          0,          0, 0, 0, 0, 0, 0, 4
 639,          0,          0, 0, 0, 0, 0, 0, 4
 640,          0,          0, 0, 0, 0, 0, 0, 4
 641,          0,          0, 0, 0, 0, 0, 0, 0
 642,          0,          0, 0, 0, 0, 0, 0, 0
 643,          0,          0, 0, 0, 0, 0, 0, 0
 644,          0,          0, 0, 0, 0, 0, 3, 0
 645,          0,          0, 0, 0, 0, 0, 3, 0
 646,          0,          0, 0, 0, 0, 0, 3, 0
 647,          0,          0, 0, 0, 0, 0, 3, 0
 648,          0,          0, 0, 0, 0, 0, 3, 0
 649,          0,          0, 0, 0, 0, 0, 3, 0
 650,          0,          0, 0, 0, 0, 0, 3, 0
 651,          0,          0, 0, 0, 0, 0, 3, 0
 652,          0,          0, 0, 0, 0, 0, 3, 0
 653,          0,          0, 0, 0, 0, 0, 3, 0
 654,          0,          0, 0, 0, 0, 0, 3, 0
 655,          0,          0, 0, 0, 0, 0, 3, 0
 656,          0,          0, 0, 0, 0, 0, 3, 0
 657,          0,          0, 0, 0, 0, 0, 3, 0
 658,          0,          0, 0, 0, 0, 0, 3, 0
 659,          0,          0, 0, 0, 0, 0, 3, 0
 660,          0,          0, 0, 0, 0, 0, 3, 0
 661,          0,          0, 0, 0, 0, 0, 3, 0
 662,          0,          0, 0, 0, 0, 0, 3, 0
 663,          0,          0, 0, 0, 0, 0, 3, 0
 664,          0,          0, 0, 0, 0, 0, 3, 0
 665,          0,          0, 0, 0, 0, 0, 3, 0
 666,          0,          0, 0, 0, 0, 0, 3, 0
 667,          0,          0, 0, 0, 0, 0, 3, 0
 668,          0,          0, 0, 0, 0, 0, 3, 0
 669,          0,          0, 0, 0, 0, 0, 3, 0
 670,          0,          0, 0, 0, 0, 0, 3, 0
 671,          0,          0, 0, 0, 0, 0, 3, 0
 672,          0,          0, 0, 0, 0, 0, 3, 0
 673,          0,          0, 0, 0, 0, 0, 3, 0
 674,          0,          0, 0, 0, 0, 0, 3, 0
 675,          0,          0, 0, 0, 0, 0, 3, 0
 676,          0,          0, 0, 0, 0, 0, 3, 0
 677,          0,          0, 0, 0, 0, 0, 3, 0
 678,          0,          0, 0, 0, 0, 0, 3, 0
 679,          0,          0, 0, 0, 0, 0, 3, 0
 680,          0,          0, 0, 0, 0, 0, 3, 0
 681,          0,          0, 0, 0, 0, 0, 3, 0
 682,          0,          0, 0, 0, 0, 0, 3, 0
 683,          0,          0, 0, 0, 0, 0, 3, 0
 684,          0,          0, 0, 0, 0, 0, 3, 0
 685,          0,          0, 0, 0, 0, 0, 3, 0
 686,          0,          0, 0, 0, 0, 0, 3, 0
 687,          0,          0, 0, 0, 0, 0, 3, 0
 688,          0,          0, 0, 0, 0, 0, 3, 0
 689,          0,          0, 0, 0, 0, 0, 3, 0
 690,          0,          0, 0, 0, 0, 0, 3, 0
 691,          0,          0, 0, 0, 0, 0, 3, 0
 692,          0,          0, 0, 0, 0, 0, 3, 0
 693,          0,          0, 0, 0, 0, 0, 3, 0
 694,          0,          0, 0, 0, 0, 0, 3, 0
 695,          0,          0, 0, 0, 0, 0, 3, 0
 696,          0,          0, 0, 0, 0, 0, 3, 0
 697,          0,          0, 0, 0, 0, 0, 3, 0
 698,          0,          0, 0, 0, 0, 0, 3, 0
 699,          0,          0, 0, 0, 0, 0, 3, 0
 700,          0,          0, 0, 0, 0, 0, 3, 0
 701,          0,          0, 0, 0, 0, 0, 3, 0
 702,          0,          0, 0, 0, 0, 0, 3, 0
 703,          0,          0, 0, 0, 0, 0, 3, 0
 704,          0,          0, 0, 0, 0, 0, 3, 0
 705,          0,          0, 0, 0, 0, 0, 3, 0
 706,          0,          0, 0, 0, 0, 0, 3, 0
 707,          0,          0, 0, 0, 0, 0, 3, 0
 708,          0,          0, 0, 0, 0, 0, 3, 0
 709,          0,          0, 0, 0, 0, 0, 3, 0
 710,          0,          0, 0, 0, 0, 0, 3, 0
 711,          0,          0, 0, 0, 0, 0, 3, 0
 712,          0,          0, 0, 0, 0, 0, 3, 0
 713,          0,          0, 0, 0, 0, 0, 3, 0
 714,          0,          0, 0, 0, 0, 0, 3, 0
 715,          0,          0, 0, 0, 0, 0, 3, 0
 716,          0,          0, 0, 0, 0, 0, 3, 0
 717,          0,          0, 0, 0, 0, 0, 3, 0
 718,          0,          0, 0, 0, 0, 0, 3, 0
 719,          0,          0, 0, 0, 0, 0, 3, 0
 720,          0,          0, 0, 0, 0, 0, 3, 0
 721,          0,          0, 0, 0, 0, 0, 3, 0
 722,          0,          0, 0, 0, 0, 0, 3, 0
 723,          0,          0, 0, 0, 0, 0, 3, 0
 724,          0,          0, 0, 0, 0, 0, 3, 0
 725,          0,          0, 0, 0, 0, 0, 3, 0
 726,          0,          0, 0, 0, 0, 0, 3, 0
 727,          0,          0, 0, 0, 0, 0, 3, 0
 728,          0,          0, 0, 0, 0, 0, 3, 0
 729,          0,          0, 0, 0, 0, 0, 3, 0
 730,          0,          0, 0, 0, 0, 0, 3, 0
 731,          0,          0, 0, 0, 0, 0, 3, 0
 732,          0,          0, 0, 0, 0, 0, 3, 0
 733,          0,          0, 0, 0, 0, 0, 3, 0
 734,          0,          0, 0, 0, 0, 0, 3, 0
 735,          0,          0, 0, 0, 0, 0, 3, 0
 736,          0,          0, 0, 0, 0, 0, 3, 0
 737,          0,          0, 0, 0, 0, 0, 3, 0
 738,          0,          0, 0, 0, 0, 0, 3, 0
 739,          0,          0, 0, 0, 0, 0, 3, 0
 740,          0,          0, 0, 0, 0, 0, 3, 0
 741,          0,          0, 0, 0, 0, 0, 3, 0
 742,          0,          0, 0, 0, 0, 0, 3, 0
 743,          0,          0, 0, 0, 0, 0, 3, 0
 744,          0,          0, 0, 0, 0, 0, 3, 0
 745,          0,          0, 0, 0, 0, 0, 3, 0
 746,          0,          0, 0, 0, 0, 0, 3, 0
 747,          0,          0, 0, 0, 0, 0, 3, 0
 748,          0,          0, 0, 0, 0, 0, 3, 0
 749,          0,          0, 0, 0, 0, 0, 3, 0
 750,          0,          0, 0, 0, 0, 0, 3, 0
 751,          0,          0, 0, 0, 0, 0, 3, 0
 752,          0,          0, 0, 0, 0, 0, 3, 0
 753,          0,          0, 0, 0, 0, 0, 3, 0
 754,          0,          0, 0, 0, 0, 0, 3, 0
 755,          0,          0, 0, 0, 0, 0, 3, 0
 756,          0,          0, 0, 0, 0, 0, 3, 0
 757,          0,          0, 0, 0, 0, 0, 3, 0
 758,          0,          0, 0, 0, 0, 0, 3, 0
 759,          0,          0, 0, 0, 0, 0, 3, 0
 760,          0,          0, 0, 0, 0, 0, 3, 0
 761,          0,          0, 0, 0, 0, 0, 3, 0
 762,          0,          0, 0, 0, 0, 0, 3, 0
 763,          0,          0, 0, 0, 0, 0, 3, 0
 764,          0,          0, 0, 0, 0, 0, 3, 0
 765,          0,          0, 0, 0, 0, 0, 3, 0
 766,          0,          0, 0, 0, 0, 0, 3, 0
 767,          0,          0, 0, 0, 0, 0, 3, 0
 768,          0,          0, 0, 0, 0, 0, 3, 0
 769,          0,          0, 0, 0, 0, 0, 3, 0
 770,          0,          0, 0, 0, 0, 0, 3, 0
 771,          0,          0, 0, 0, 0, 0, 3, 0
 772,          0,          0, 0, 0, 0, 0, 3, 0
 773,          0,          0, 0, 0, 0, 0, 3, 0
 774,          0,          0, 0, 0, 0, 0, 3, 0
 775,          0,          0, 0, 0, 0, 0, 3, 0
 776,          0,          0, 0, 0, 0, 0, 3, 0
 777,          0,          0, 0, 0, 0, 0, 3, 0
 778,          0,          0, 0, 0, 0, 0, 3, 0
 779,          0,          0, 0, 0, 0, 0, 3, 0
 780,          0,          0, 0, 0, 0, 0, 3, 0
 781,          0,          0, 0, 0, 0, 0, 3, 0
 782,          0,          0, 0, 0, 0, 0, 3, 0
 783,          0,          0, 0, 0, 0, 0, 3, 0
 784,          0,          0, 0, 0, 0, 0, 3, 0
 785,          0,          0, 0, 0, 0, 0, 3, 0
 786,          0,          0, 0, 0, 0, 0, 3, 0
 787,          0,          0, 0, 0, 0, 0, 3, 0
 788,          0,          0, 0, 0, 0, 0, 3, 0
 789,          0,          0, 0, 0, 0, 0, 3, 0
 790,          0,          0, 0, 0, 0, 0, 3, 0
 791,          0,          0, 0, 0, 0, 0, 3, 0
 792,          0,          0, 0, 0, 0, 0, 3, 0
 793,          0,          0, 0, 0, 0, 0, 3, 0
 794,          0,          0, 0, 0, 0, 0, 3, 0
 795,          0,          0, 0, 0, 0, 0, 3, 0
 796,          0,          0, 0, 0, 0, 0, 3, 0
 797,          0,          0, 0, 0, 0, 0, 3, 0
 798,          0,          0, 0, 0, 0, 0, 3, 0
 799,          0,          0, 0, 0, 0, 0, 3, 0
 800,          0,          0, 0, 0, 0, 0, 3, 0
 801,          0,          0, 0, 0, 0, 0, 3, 0
 802,          0,          0, 0, 0, 0, 0, 3, 0
 803,          0,          0, 0, 0, 0, 0, 3, 0
 804,          0,          0, 0, 0, 0, 0, 3, 0
 805,          0,          0, 0, 0, 0, 0, 3, 0
 806,          0,          0, 0, 0, 0, 0, 3, 0
 807,          0,          0, 0, 0, 0, 0, 3, 0
 808,          0,          0, 0, 0, 0, 0, 3, 0
 809,          0,          0, 0, 0, 0, 0, 3, 0
 810,          0,          0, 0, 0, 0, 0, 3, 0
 811,          0,          0, 0, 0, 0, 0, 3, 0
 812,          0,          0, 0, 0, 0, 0, 3, 0
 813,          0,          0, 0, 0, 0, 0, 3, 0
 814,          0,          0, 0, 0, 0, 0, 3, 0
 815,          0,          0, 0, 0, 0, 0, 3, 0
 816,          0,          0, 0, 0, 0, 0, 3, 0
 817,          0,          0, 0, 0, 0, 0, 3, 0
 818,          0,          0, 0, 0, 0, 0, 3, 0
 819,          0,          0, 0, 0, 0, 0, 3, 0
 820,          0,          0, 0, 0, 0, 0, 3, 0
 821,          0,          0, 0, 0, 0, 0, 3, 0
 822,          0,          0, 0, 0, 0, 0, 3, 0
 823,          0,          0, 0, 0, 0, 0, 3, 0
 824,          0,          0, 0, 0, 0, 0, 3, 0
 825,          0,          0, 0, 0, 0, 0, 3, 0
 826,          0,          0, 0, 0, 0, 0, 3, 0
 827,          0,          0, 0, 0, 0, 0, 3, 0
 828,          0,          0, 0, 0, 0, 0, 3, 0
 829,          0,          0, 0, 0, 0, 0, 3, 0
 830,          0,          0, 0, 0, 0, 0, 3, 0
 831,          0,          0, 0, 0, 0, 0, 3, 0
 832,          0,          0, 0, 0, 0, 0, 3, 0
 833,          0,          0, 0, 0, 0, 0, 3, 0
 834,          0,          0, 0, 0, 0, 0, 3, 0
 835,          0,          0, 0, 0, 0, 0, 3, 0
 836,          0,          0, 0, 0, 0, 0, 3, 0
 837,          0,          0, 0, 0, 0, 0, 3, 0
 838,          0,          0, 0, 0, 0, 0, 3, 0
 839,          0,          0, 0, 0, 0, 0, 3, 0
 840,          0,          0, 0, 0, 0, 0, 3, 0
 841,          0,          0, 0, 0, 0, 0, 3, 0
 842,          0,          0, 0, 0, 0, 0, 3, 0
 843,          0,          0, 0, 0, 0, 0, 3, 0
 844,          0,          0, 0, 0, 0, 0, 3, 0
 845,          0,          0, 0, 0, 0, 0, 3, 0
 846,          0,          0, 0, 0, 0, 0, 3, 0
 847,          0,          0, 0, 0, 0, 0, 3, 0
 848,          0,          0, 0, 0, 0, 0, 3, 0
 849,          0,          0, 0, 0, 0, 0, 3, 0
 850,          0,          0, 0, 0, 0, 0, 3, 0
 851,          0,          0, 0, 0, 0, 0, 3, 0
 852,          0,          0, 0, 0, 0, 0, 3, 0
 853,          0,          0, 0, 0, 0, 0, 3, 0
 854,          0,          0, 0, 0, 0, 0, 3, 0
 855,          0,          0, 0, 0, 0, 0, 3, 0
 856,          0,          0, 0, 0, 0, 0, 3, 0
 857,          0,          0, 0, 0, 0, 0, 3, 0
 858,          0,          0, 0, 0, 0, 0, 3, 0
 859,          0,          0, 0, 0, 0, 0, 3, 0
 860,          0,          0, 0, 0, 0, 0, 3, 0
 861,          0,          0, 0, 0, 0, 0, 3, 0
 862,          0,          0, 0, 0, 0, 0, 3, 0
 863,          0,          0, 0, 0, 0, 0, 3, 0
 864,          0,          0, 0, 0, 0, 0, 3, 0
 865,          0,          0, 0, 0, 0, 0, 3, 0
 866,          0,          0, 0, 0, 0, 0, 3, 0
 867,          0,          0, 0, 0, 0, 0, 3, 0
 868,          0,          0, 0, 0, 0, 0, 3, 0
 869,          0,          0, 0, 0, 0, 0, 3, 0
 870,          0,          0, 0, 0, 0, 0, 3, 0
 871,          0,          0, 0, 0, 0, 0, 3, 0
 872,          0,          0, 0, 0, 0, 0, 3, 0
 873,          0,          0, 0, 0, 0, 0, 3, 0
 874,          0,          0, 0, 0, 0, 0, 3, 0
 875,          0,          0, 0, 0, 0, 0, 3, 0
 876,          0,          0, 0, 0, 0, 0, 3, 0
 877,          0,          0, 0, 0, 0, 0, 3, 0
 878,          0,          0, 0, 0, 0, 0, 3, 0
 879,          0,          0, 0, 0, 0, 0, 3, 0
 880,          0,          0, 0, 0, 0, 0, 3, 0
 881,          0,          0, 0, 0, 0, 0, 3, 0
 882,          0,          0, 0, 0, 0, 0, 3, 0
 883,          0,          0, 0, 0, 0, 0, 3, 0
 884,          0,          0, 0, 0, 0, 0, 3, 0
 885,          0,          0, 0, 0, 0, 0, 3, 0
 886,          0,          0, 0, 0, 0, 0, 3, 0
 887,          0,          0, 0, 0, 0, 0, 3, 0
 888,          0,          0, 0, 0, 0, 0, 3, 0
 889,          0,          0, 0, 0, 0, 0, 3, 0
 890,          0,          0, 0, 0, 0, 0, 3, 0
 891,          0,          0, 0, 0, 0, 0, 3, 0
 892,          0,          0, 0, 0, 0, 0, 3, 0
 893,          0,          0, 0, 0, 0, 0, 3, 0
 894,          0,          0, 0, 0, 0, 0, 3, 0
 895,          0,          0, 0, 0, 0, 0, 3, 0
 896,          0,          0, 0, 0, 0, 0, 3, 0
 897,          0,          0, 0, 0, 0, 0, 3, 0
 898,          0,          0, 0, 0, 0, 0, 3, 0
 899,          0,          0, 0, 0, 0, 0, 3, 0
 900,          0,          0, 0, 0, 0, 0, 3, 0
 901,          0,          0, 0, 0, 0, 0, 3, 0
 902,          0,          0, 0, 0, 0, 0, 3, 0
 903,          0,          0, 0, 0, 0, 0, 3, 0
 904,          0,          0, 0, 0, 0, 0, 3, 0
 905,          0,          0, 0, 0, 0, 0, 3, 0
 906,          0,          0, 0, 0, 0, 0, 3, 0
 907,          0,          0, 0, 0, 0, 0, 3, 0
 908,          0,          0, 0, 0, 0, 0, 3, 0
 909,          0,          0, 0, 0, 0, 0, 3, 0
 910,          0,          0, 0, 0, 0, 0, 3, 0
 911,          0,          0, 0, 0, 0, 0, 3, 0
 912,          0,          0, 0, 0, 0, 0, 3, 0
 913,          0,          0, 0, 0, 0, 0, 3, 0
 914,          0,          0, 0, 0, 0, 0, 3, 0
 915,          0,          0, 0, 0, 0, 0, 3, 0
 916,          0,          0, 0, 0, 0, 0, 3, 0
 917,          0,          0, 0, 0, 0, 0, 3, 0
